{
  "compute_tier": "T4",
  "base_model": "unsloth/Qwen2.5-3B-bnb-4bit",
  "beta": 0.1,
  "lr": 5e-07,
  "epochs": 1,
  "final_train_loss": 0.8269256725311279,
  "end_chosen_reward": -0.8788371562957764,
  "end_rejected_reward": -0.9385102987289429,
  "end_reward_gap": 0.05967314243316646
}